-48,56
70,70
-30,66
84,60
-48,56
70,70
-30,66
84,60
-48,56
70,70
-30,66
84,60
-48,56
70,70
-30,66
84,60
-48,56
70,70
-30,66
84,60
-48,56
70,70
-30,66
84,60
-48,56
70,70
-30,66
84,60
-48,56
70,70
-30,66
84,60
-48,56
70,70
-30,66
84,60
-48,56
70,70
-30,66
84,60
-48,56
70,70
-30,66
84,60
-48,56
70,70
-30,66
84,60
-48,56
70,70
-30,66
84,60
-48,56
70,70
-30,66
84,60
-48,56
70,70
-30,66
84,60
-48,56
70,70
-30,66
84,60
-48,56
70,70
-30,66
84,60
-48,56
70,70
-30,66
84,60
-48,56
70,70
-30,66
84,60
-48,56
70,70
-30,66
84,60
-48,56
70,70
-30,66
84,60
-48,56
70,70
-30,66
84,60
-48,56
70,70
-30,66
84,60
-48,56
70,70
-30,66
84,60
-48,56
70,70
-30,66
84,60
-48,56
70,70
-30,66
84,60
-48,56
70,70
-30,66
84,60
-48,56
70,70
-30,66
84,60
-48,56
70,70
-30,66
84,60
-48,56
70,70
-30,66
84,60
