-60,60
-52,36
-44,12
-34,-18
-60,60
-52,36
-44,12
-34,-18
-60,60
-52,36
-44,12
-34,-18
-60,60
-52,36
-44,12
-34,-18
-60,60
-52,36
-44,12
-34,-18
-60,60
-52,36
-44,12
-34,-18
-60,60
-52,36
-44,12
-34,-18
-60,60
-52,36
-44,12
-34,-18
-60,60
-52,36
-44,12
-34,-18
-60,60
-52,36
-44,12
-34,-18
-60,60
-52,36
-44,12
-34,-18
-60,60
-52,36
-44,12
-34,-18
-60,60
-52,36
-44,12
-34,-18
-60,60
-52,36
-44,12
-34,-18
-60,60
-52,36
-44,12
-34,-18
-60,60
-52,36
-44,12
-34,-18
-60,60
-52,36
-44,12
-34,-18
-60,60
-52,36
-44,12
-34,-18
-60,60
-52,36
-44,12
-34,-18
-60,60
-52,36
-44,12
-34,-18
-60,60
-52,36
-44,12
-34,-18
-60,60
-52,36
-44,12
-34,-18
-60,60
-52,36
-44,12
-34,-18
-60,60
-52,36
-44,12
-34,-18
-60,60
-52,36
-44,12
-34,-18
-60,60
-52,36
-44,12
-34,-18
-60,60
-52,36
-44,12
-34,-18
-60,60
-52,36
-44,12
-34,-18
-60,60
-52,36
-44,12
-34,-18
-60,60
-52,36
-44,12
-34,-18
