18,18
38,-10
-78,146
-56,112
18,18
38,-10
-78,146
-56,112
18,18
38,-10
-78,146
-56,112
18,18
38,-10
-78,146
-56,112
18,18
38,-10
-78,146
-56,112
18,18
38,-10
-78,146
-56,112
18,18
38,-10
-78,146
-56,112
18,18
38,-10
-78,146
-56,112
18,18
38,-10
-78,146
-56,112
18,18
38,-10
-78,146
-56,112
18,18
38,-10
-78,146
-56,112
18,18
38,-10
-78,146
-56,112
18,18
38,-10
-78,146
-56,112
18,18
38,-10
-78,146
-56,112
18,18
38,-10
-78,146
-56,112
18,18
38,-10
-78,146
-56,112
18,18
38,-10
-78,146
-56,112
18,18
38,-10
-78,146
-56,112
18,18
38,-10
-78,146
-56,112
18,18
38,-10
-78,146
-56,112
18,18
38,-10
-78,146
-56,112
18,18
38,-10
-78,146
-56,112
18,18
38,-10
-78,146
-56,112
18,18
38,-10
-78,146
-56,112
18,18
38,-10
-78,146
-56,112
18,18
38,-10
-78,146
-56,112
18,18
38,-10
-78,146
-56,112
18,18
38,-10
-78,146
-56,112
18,18
38,-10
-78,146
-56,112
18,18
38,-10
-78,146
-56,112
